Item Title,Publication Title,Book Series Title,Journal Volume,Journal Issue,Item DOI,Authors,Publication Year,URL,Content Type
"The nationalistic fingerprint in nineteenth-century romantic chamber music","Computers and the Humanities","","13","2","10.1007/BF02404506","Fred T. Hofstetter","1979","http://link.springer.com/article/10.1007/BF02404506","Article"
"Capturing and measuring thematic relatedness","Language Resources and Evaluation","","","","10.1007/s10579-019-09452-w","Magdalena KacmajorJohn D. Kelleher","2019","http://link.springer.com/article/10.1007/s10579-019-09452-w","Article"
"MtScript: A Multi Lingual Text Editor","Computers and the Humanities","","31","2","10.1023/A:1000611103672","Malek BoualemStéphane Harié","1997","http://link.springer.com/article/10.1023/A%3A1000611103672","Article"
"Meetings announced","Computers and the Humanities","","2","2","10.1007/BF02426145","","1967","http://link.springer.com/article/10.1007/BF02426145","Article"
"Evocation: analyzing and propagating a semantic link based on free word association","Language Resources and Evaluation","","47","3","10.1007/s10579-013-9219-2","Xiaojuan Ma","2013","http://link.springer.com/article/10.1007/s10579-013-9219-2","Article"
"Book review","Computers and the Humanities","","20","1","10.1007/BF02393465","Roger Tallentire","1986","http://link.springer.com/article/10.1007/BF02393465","Article"
"Abstracts and brief notices","Computers and the Humanities","","5","4","10.1007/BF02395294","","1971","http://link.springer.com/article/10.1007/BF02395294","Article"
"An argument for single-author and similar studies using quantitative methods: Is there safety in numbers?","Computers and the Humanities","","27","5 - 6","10.1007/BF01829387","Joel D. Goldfield","1993","http://link.springer.com/article/10.1007/BF01829387","Article"
"The stylo-statistical method of literary analysis","Computers and the Humanities","","22","1","10.1007/BF00056345","","1988","http://link.springer.com/article/10.1007/BF00056345","Article"
"Towards the creation of a CNL adapted to requirements writing by combining writing recommendations and spontaneous regularities: example in a space project","Language Resources and Evaluation","","51","1","10.1007/s10579-016-9368-1","Anne CondaminesMaxime Warnier","2017","http://link.springer.com/article/10.1007/s10579-016-9368-1","Article"
"Inforntática y humanidades","Computers and the Humanities","","30","1","10.1007/BF00054028","","1996","http://link.springer.com/article/10.1007/BF00054028","Article"
"Studying the history of the Arabic language: language technology and a large-scale historical corpus","Language Resources and Evaluation","","","","10.1007/s10579-019-09460-w","Yonatan BelinkovAlexander MagidowAlberto Barrón-CedeñoAvi ShmidmanMaxim Romanov","2019","http://link.springer.com/article/10.1007/s10579-019-09460-w","Article"
"Recent publications","Computers and the Humanities","","4","2","10.1007/BF02402255","","1969","http://link.springer.com/article/10.1007/BF02402255","Article"
"MadSex: collecting a spoken corpus of indirectly elicited sexual concepts","Language Resources and Evaluation","","53","1","10.1007/s10579-018-9435-x","Andrea Pizarro Pedraza","2019","http://link.springer.com/article/10.1007/s10579-018-9435-x","Article"
"A concordance of the early Italian poetic language","Computers and the Humanities","","24","5 - 6","10.1007/BF00186476","D'Arco Silvio Avalle","1990","http://link.springer.com/article/10.1007/BF00186476","Article"
"Legal informatics research in Italy: The Istituto per la Documentazione Giuridica of the Italian National Research Council","Computers and the Humanities","","24","5 - 6","10.1007/BF00186488","Elio FameliRoberta Nannucci","1990","http://link.springer.com/article/10.1007/BF00186488","Article"
"Book review","Computers and the Humanities","","24","3","10.1007/BF00117345","Joel D. Goldfield","1990","http://link.springer.com/article/10.1007/BF00117345","Article"
"Annual bibliography for 1969","Computers and the Humanities","","4","4","10.1007/BF02404380","","1970","http://link.springer.com/article/10.1007/BF02404380","Article"
"Do Word Meanings Exist?","Computers and the Humanities","","34","1 - 2","10.1023/A:1002471322828","Patrick Hanks","2000","http://link.springer.com/article/10.1023/A%3A1002471322828","Article"
"The annals of computing: Stylistics","Computers and the Humanities","","16","1","10.1007/BF02259729","Louis T. Milic","1982","http://link.springer.com/article/10.1007/BF02259729","Article"
"A general inquirer analysis of sixteenth century and contemporary catechisms","Computers and the Humanities","","8","1","10.1007/BF02402453","Ralph Dengler","1974","http://link.springer.com/article/10.1007/BF02402453","Article"
"Authorship attribution","Computers and the Humanities","","28","2","10.1007/BF01830689","David I. Holmes","1994","http://link.springer.com/article/10.1007/BF01830689","Article"
"The computer and the historian—Some tentative beginnings","Computers and the Humanities","","1","3","10.1007/BF00119888","","1967","http://link.springer.com/article/10.1007/BF00119888","Article"
"Recent publications","Computers and the Humanities","","6","2","10.1007/BF02402034","","1971","http://link.springer.com/article/10.1007/BF02402034","Article"
"Reviews","Computers and the Humanities","","8","2","10.1007/BF02530745","Jean GagenRobert L. OakmanJames Q. Graham Jr.","1974","http://link.springer.com/article/10.1007/BF02530745","Article"
"Book reviews","Computers and the Humanities","","10","4","10.1007/BF02426319","Paul B. Goodwin Jr.Ernst von GlasersfeldNancy Worrell ShumakerDorothy GrossJadwiga SamborDavid HackerRanan B. BanerjiLarry J. MurphyWilliam R. Doezema","1976","http://link.springer.com/article/10.1007/BF02426319","Article"
"Words and numbers: A quantitative approach to swift and some understrappers","Computers and the Humanities","","4","5","10.1007/BF02400251","Patricia Köster","1970","http://link.springer.com/article/10.1007/BF02400251","Article"
"Directory of scholars active","Computers and the Humanities","","4","2","10.1007/BF02402254","","1969","http://link.springer.com/article/10.1007/BF02402254","Article"
"On the utility of content analysis in author attribution:The Federalist","Computers and the Humanities","","29","4","10.1007/BF01830395","Colin MartindaleDean McKenzie","1995","http://link.springer.com/article/10.1007/BF01830395","Article"
"Progress in stylistics: Theory, statistics, computers","Computers and the Humanities","","25","6","10.1007/BF00141189","Louis Milic","1991","http://link.springer.com/article/10.1007/BF00141189","Article"
"Reviews","Computers and the Humanities","","7","3","10.1007/BF02403858","Phyllis A. RichmondSusan HockeyColin B. BurkeLucienne Frappier-MazurReverend Stuart G. HallJames T. McDonough Jr.Robert J. DilliganEdmund A. Bowles","1973","http://link.springer.com/article/10.1007/BF02403858","Article"
"SICK through the SemEval glasses. Lesson learned from the evaluation of compositional distributional semantic models on full sentences through semantic relatedness and textual entailment","Language Resources and Evaluation","","50","1","10.1007/s10579-015-9332-5","Luisa BentivogliRaffaella BernardiMarco MarelliStefano MeniniMarco BaroniRoberto Zamparelli","2016","http://link.springer.com/article/10.1007/s10579-015-9332-5","Article"
"The not-so-simple art of imitation: Pastiche, literary style, and Raymond Chandler","Computers and the Humanities","","30","1","10.1007/BF00054025","Lee SigelmanWilliam Jacoby","1996","http://link.springer.com/article/10.1007/BF00054025","Article"
"Word Sense Disambiguation Using Automatically Acquired Verbal Preferences","Computers and the Humanities","","34","1 - 2","10.1023/A:1002415205081","John CarrollDiana McCarthy","2000","http://link.springer.com/article/10.1023/A%3A1002415205081","Article"
"Computer/stylistics seminar: A report","Computers and the Humanities","","3","4","10.1007/BF02401455","","1969","http://link.springer.com/article/10.1007/BF02401455","Article"
"Introduction","Computers and the Humanities","","24","1 - 2","10.1007/BF00115024","","1990","http://link.springer.com/article/10.1007/BF00115024","Article"
"Letter from Oslo","Computers and the Humanities","","13","3","10.1007/BF02395100","Stig Johannson","1979","http://link.springer.com/article/10.1007/BF02395100","Article"
"Symposium on the uses of computers in literary research Edinburgh, 27–30 March 1972","Computers and the Humanities","","6","5","10.1007/BF02404246","Ben R. Schneider Jr.","1972","http://link.springer.com/article/10.1007/BF02404246","Article"
"Correct grammar","Computers and the Humanities","","25","1","10.1007/BF00054290","","1991","http://link.springer.com/article/10.1007/BF00054290","Article"
"Art, art history, and the computer","Computers and the Humanities","","1","2","10.1007/BF00138353","Kenneth C. Lindsay","1966","http://link.springer.com/article/10.1007/BF00138353","Article"
"Software review author","Computers and the Humanities","","12","3","10.1007/BF02400091","Robert Ariew","1978","http://link.springer.com/article/10.1007/BF02400091","Article"
"E. Francesconi, S. Montemagni, W. Peters, D. Tiscornia: Semantic Processing of Legal Texts: where the language of law meets the law of language (Lecture notes in computer science: lecture notes in artificial intelligence, Vol 6036)","Language Resources and Evaluation","","46","1","10.1007/s10579-011-9149-9","Stephan Walter","2012","http://link.springer.com/article/10.1007/s10579-011-9149-9","Article"
"Directory of scholars active","Computers and the Humanities","","5","5","10.1007/BF02402213","","1971","http://link.springer.com/article/10.1007/BF02402213","Article"
"Developing and evaluating language courseware","Computers and the Humanities","","26","4","10.1007/BF00054270","Michal Ephratt","1992","http://link.springer.com/article/10.1007/BF00054270","Article"
"A computer-assisted investigation of gender-related idiolect in Octavio Paz and Rosario Castellanos","Computers and the Humanities","","26","2","10.1007/BF00116347","Estelle Irizarry","1992","http://link.springer.com/article/10.1007/BF00116347","Article"
"Literary criticism and literary computing: The difficulties of a synthesis","Computers and the Humanities","","22","2","10.1007/BF00057648","Rosanne G. Potter","1988","http://link.springer.com/article/10.1007/BF00057648","Article"
"Directory of scholars active","Computers and the Humanities","","5","2","10.1007/BF02402288","","1970","http://link.springer.com/article/10.1007/BF02402288","Article"
"Senses and Texts","Computers and the Humanities","","31","2","10.1023/A:1000516531139","Yorick Wilks","1997","http://link.springer.com/article/10.1023/A%3A1000516531139","Article"
"Empirical literary research on women and readers","Computers and the Humanities","","28","6","10.1007/BF01829972","Rosanne G. Potter","1994","http://link.springer.com/article/10.1007/BF01829972","Article"
"Xtract: An overview","Computers and the Humanities","","26","5 - 6","10.1007/BF00136983","Frank Smadja","1992","http://link.springer.com/article/10.1007/BF00136983","Article"
"Reports","Computers and the Humanities","","10","6","10.1007/BF02402558","Susan StrapacHans Karlgren","1976","http://link.springer.com/article/10.1007/BF02402558","Article"
"Automated concordances and word-indexes: Machine decisions and editorial revisions","Computers and the Humanities","","16","4","10.1007/BF02263544","Dolores M. Burton","1982","http://link.springer.com/article/10.1007/BF02263544","Article"
"Humanities computing in Italy","Computers and the Humanities","","7","6","10.1007/BF02395110","Antonio Zampolli","1973","http://link.springer.com/article/10.1007/BF02395110","Article"
"An intelligent computer-assistant for stylistic instruction","Computers and the Humanities","","26","2","10.1007/BF00116346","Julie PayetteGraeme Hirst","1992","http://link.springer.com/article/10.1007/BF00116346","Article"
"Towards the implementation of text and discourse theory in computer-assisted textual analysis","Computers and the Humanities","","27","5 - 6","10.1007/BF01829386","Donald Bruce","1993","http://link.springer.com/article/10.1007/BF01829386","Article"
"The Common Style of Common Sense","Computers and the Humanities","","30","5","10.1007/BF00054020","Lee SigelmanColin MartindaleDean McKenzie","1996","http://link.springer.com/article/10.1007/BF00054020","Article"
"Directory of scholars active","Computers and the Humanities","","3","5","10.1007/BF02404172","","1969","http://link.springer.com/article/10.1007/BF02404172","Article"
"Perceptual Issues in Music Pattern Recognition: Complexity of Rhythm and Key Finding","Computers and the Humanities","","35","1","10.1023/A:1002629217152","Ilya ShmulevichOlli Yli-HarjaEdward CoyleDirk-Jan PovelKjell Lemström","2001","http://link.springer.com/article/10.1023/A%3A1002629217152","Article"
"Developing Language Technologies with the Support of Language Resources and Evaluation Programs","Language Resources and Evaluation","","39","1","10.1007/s10579-005-2694-3","Joseph Mariani","2005","http://link.springer.com/article/10.1007/s10579-005-2694-3","Article"
"Book review","Computers and the Humanities","","25","4","10.1007/BF00116079","","1991","http://link.springer.com/article/10.1007/BF00116079","Article"
"Historical editions in the States","Computers and the Humanities","","25","6","10.1007/BF00141187","David R. Chesnutt","1991","http://link.springer.com/article/10.1007/BF00141187","Article"
"Web 2.0, Language Resources and standards to automatically build a multilingual Named Entity Lexicon","Language Resources and Evaluation","","46","3","10.1007/s10579-011-9148-x","Antonio ToralSergio FerrándezMonica MonachiniRafael Muñoz","2012","http://link.springer.com/article/10.1007/s10579-011-9148-x","Article"
"Directory of scholars active","Computers and the Humanities","","10","1","10.1007/BF02399142","","1976","http://link.springer.com/article/10.1007/BF02399142","Article"
"Using latent semantic indexing for multilanguage information retrieval","Computers and the Humanities","","29","6","10.1007/BF01829874","Michael W. BerryPaul G. Young","1995","http://link.springer.com/article/10.1007/BF01829874","Article"
"Paperless writing revisited","Computers and the Humanities","","24","1 - 2","10.1007/BF00115027","","1990","http://link.springer.com/article/10.1007/BF00115027","Article"
"μ-EYEBALL: An interactive system for producing stylistic descriptions and comparisons","Computers and the Humanities","","28","1","10.1007/BF01830682","Donald RossDavid Hunter","1994","http://link.springer.com/article/10.1007/BF01830682","Article"
"The individualized history survey course and the computer","Computers and the Humanities","","18","2","10.1007/BF02274164","Donald J. Dietrich","1984","http://link.springer.com/article/10.1007/BF02274164","Article"
"Wrapping up the package: Critical thoughts on applications software for social data analysis","Computers and the Humanities","","7","2","10.1007/BF02395358","Ronald E. AndersonEdwin R. Coover","1972","http://link.springer.com/article/10.1007/BF02395358","Article"
"Computing in musicology, 1966–91","Computers and the Humanities","","25","6","10.1007/BF00141188","Walter B. HewlettEleanor Selfridge-Field","1991","http://link.springer.com/article/10.1007/BF00141188","Article"
"Philosophical lexicography: The LIE and the use of the computer","Computers and the Humanities","","24","5 - 6","10.1007/BF00186479","Giacinta Spinosa","1990","http://link.springer.com/article/10.1007/BF00186479","Article"
"SGML and the Orland Project: Descriptive Markup for an Electronic gHistory of Women's Writing","Computers and the Humanities","","31","4","10.1023/A:1001013123032","Susan BrownSue FisherPatricia ClementsKatherine BinhammerTerry ButlerKathryn CarterIsobel GrundySusan Hockey","1997","http://link.springer.com/article/10.1023/A%3A1001013123032","Article"
"Computer-Based Authorship Attribution Without Lexical Measures","Computers and the Humanities","","35","2","10.1023/A:1002681919510","E. StamatatosN. FakotakisG. Kokkinakis","2001","http://link.springer.com/article/10.1023/A%3A1002681919510","Article"
"Automatic rule discovery for field work in anthropology","Computers and the Humanities","","26","4","10.1007/BF00054274","Nicholas V. Findler","1992","http://link.springer.com/article/10.1007/BF00054274","Article"
"Annual bibliography for 1967","Computers and the Humanities","","2","4","10.1007/BF02402486","","1968","http://link.springer.com/article/10.1007/BF02402486","Article"
"Book reviews","Computers and the Humanities","","10","5","10.1007/BF02420065","Dolores M. BurtonKenneth W. StaggsT. BrownMax BlackVernon BurtonElizabeth AmmonsVern L. BulloughDavid H. KelleyAlice Green FredmanAngus Cameron","1976","http://link.springer.com/article/10.1007/BF02420065","Article"
"On the accuracy of musical data, with examples from Gregorian chant and German folksong","Computers and the Humanities","","27","2","10.1007/BF01830304","Nigel Nettheim","1993","http://link.springer.com/article/10.1007/BF01830304","Article"
"Applying EuroWordNet to Cross-Language Text Retrieval","Computers and the Humanities","","32","2 - 3","10.1023/A:1001129911019","Julio GonzaloFelisa VerdejoCarol PetersNicoletta Calzolari","1998","http://link.springer.com/article/10.1023/A%3A1001129911019","Article"
"Computers and legal reasoning: Developments in Germany","Computers and the Humanities","","25","2 - 3","10.1007/BF00124150","Herbert Fiedler","1991","http://link.springer.com/article/10.1007/BF00124150","Article"
"Recent scholarship in literary and linguistic studies","Computers and the Humanities","","7","1","10.1007/BF02403757","R. L. Widmann","1972","http://link.springer.com/article/10.1007/BF02403757","Article"
"Numbers and history: The dilemma of measurement","Computers and the Humanities","","4","1","10.1007/BF02393448","Robert M. Zemsky","1969","http://link.springer.com/article/10.1007/BF02393448","Article"
"André Gide's collection offaits divers","Computers and the Humanities","","28","3","10.1007/BF01830736","Elizabeth R. Jackson","1994","http://link.springer.com/article/10.1007/BF01830736","Article"
"Constructing two vietnamese corpora and building a lexical database","Language Resources and Evaluation","","53","3","10.1007/s10579-019-09451-x","Hien PhamBenjamin V. TuckerR. Harald Baayen","2019","http://link.springer.com/article/10.1007/s10579-019-09451-x","Article"
"Pronouns and genre in Shakespeare’s drama","Computers and the Humanities","","13","1","10.1007/BF02744988","Barron Brainerd","1979","http://link.springer.com/article/10.1007/BF02744988","Article"
"Clio and computers: A survey of computerized research in history","Computers and the Humanities","","5","1","10.1007/BF02404252","Robert P. Swierenga","1970","http://link.springer.com/article/10.1007/BF02404252","Article"
"Radical changes in class discussion using networked computers","Computers and the Humanities","","24","1 - 2","10.1007/BF00115028","Jerome Bump","1990","http://link.springer.com/article/10.1007/BF00115028","Article"
"A survey of computer-aided research in early German","Computers and the Humanities","","8","5 - 6","10.1007/BF02400285","Rudolf Hirschmann","1974","http://link.springer.com/article/10.1007/BF02400285","Article"
"Clio and computers: Moving into phase II, 1970–1972","Computers and the Humanities","","7","2","10.1007/BF02395355","Joel H. Silbey","1972","http://link.springer.com/article/10.1007/BF02395355","Article"
"Have it your way and mine: The theory of styles","Computers and the Humanities","","27","5 - 6","10.1007/BF01829382","Ellen Spolsky","1993","http://link.springer.com/article/10.1007/BF01829382","Article"
"From literary output to literary criticism: Discovering Shaw's rhetoric","Computers and the Humanities","","23","4 - 5","10.1007/BF02176638","Rosanne G. Potter","1989","http://link.springer.com/article/10.1007/BF02176638","Article"
"A preliminary survey on the use of computers in linguistic research","Computers and the Humanities","","5","1","10.1007/BF02404260","Josse De Kock","1970","http://link.springer.com/article/10.1007/BF02404260","Article"
"Directory of scholars active","Computers and the Humanities","","13","4","10.1007/BF02400146","","1979","http://link.springer.com/article/10.1007/BF02400146","Article"
"Recent quantitative research in French studies","Computers and the Humanities","","7","6","10.1007/BF02395112","Richard L. Frautschi","1973","http://link.springer.com/article/10.1007/BF02395112","Article"
"Annual bibliography for 1976 and supplement to preceding years","Computers and the Humanities","","11","2","10.1007/BF02404007","","1977","http://link.springer.com/article/10.1007/BF02404007","Article"
"Report on a new OED project: A study of the history of new words in the new OED","Computers and the Humanities","","23","4 - 5","10.1007/BF02176644","H. M. Logan","1989","http://link.springer.com/article/10.1007/BF02176644","Article"
"Abstracts and brief notices","Computers and the Humanities","","10","3","10.1007/BF02426305","","1976","http://link.springer.com/article/10.1007/BF02426305","Article"
"Elementary Dependency Trees for Identifying Corpus-Specific Semantic Classes","Computers and the Humanities","","33","3","10.1023/A:1002019504946","B. HabertC. Fabre","1999","http://link.springer.com/article/10.1023/A%3A1002019504946","Article"
"Narrative theories as computational models: Reader-oriented theory and artificial intelligence","Computers and the Humanities","","17","4","10.1007/BF02252803","Patricia Galloway","1983","http://link.springer.com/article/10.1007/BF02252803","Article"
"Dialogue and Interpretation at the Interface of Man and Machine. Reflections on Textuality and a Proposal for an Experiment in Machine Reading","Computers and the Humanities","","36","1","10.1023/A:1013167330903","Jerome McGann","2002","http://link.springer.com/article/10.1023/A%3A1013167330903","Article"
"Technology and humanistic values","Computers and the Humanities","","4","1","10.1007/BF02393443","Emmanuel G. Mesthene","1969","http://link.springer.com/article/10.1007/BF02393443","Article"
"Procedures and progress on the dictionary of the old Spanish language","Computers and the Humanities","","17","4","10.1007/BF02252807","Victoria A. Burrus","1983","http://link.springer.com/article/10.1007/BF02252807","Article"
"Quantitative studies and the American revolution","Computers and the Humanities","","10","5","10.1007/BF02420058","Harry S. Stout","1976","http://link.springer.com/article/10.1007/BF02420058","Article"
"Managing Full-indexed Audiovisual Documents: A New Perspective for the Humanities","Computers and the Humanities","","33","4","10.1023/A:1002477204396","Gwendal AuffretYannick Prié","1999","http://link.springer.com/article/10.1023/A%3A1002477204396","Article"
"The use of function word frequencies as indicators of style","Computers and the Humanities","","9","6","10.1007/BF02396290","Fred J. Damerau","1975","http://link.springer.com/article/10.1007/BF02396290","Article"
"Book Reviews","Computers and the Humanities","","22","1","10.1007/BF00056351","David Ratkowsky","1988","http://link.springer.com/article/10.1007/BF00056351","Article"
"Directory of scholars active","Computers and the Humanities","","2","2","10.1007/BF02426142","","1967","http://link.springer.com/article/10.1007/BF02426142","Article"
"Reviews","Computers and the Humanities","","11","6","10.1007/BF02428143","John E. ClarkR. L. WidmannJean TaguePhilip R. VanderMeerRichard A. BasslerMarie Christine DuchenneNancy Joe DyerR. Lynn Sauls","1977","http://link.springer.com/article/10.1007/BF02428143","Article"
"'I Don’t Believe in Word Senses'","Computers and the Humanities","","31","2","10.1023/A:1000583911091","Adam Kilgarriff","1997","http://link.springer.com/article/10.1023/A%3A1000583911091","Article"
"Courseware reviews","Computers and the Humanities","","24","3","10.1007/BF00117344","","1990","http://link.springer.com/article/10.1007/BF00117344","Article"
"Directory of scholars active","Computers and the Humanities","","1","5","10.1007/BF00055405","","1967","http://link.springer.com/article/10.1007/BF00055405","Article"
"Reviews","Computers and the Humanities","","4","3","10.1007/BF02402242","John W. EllisonRobert S. WachalEdmund A. Bowles","1970","http://link.springer.com/article/10.1007/BF02402242","Article"
"Annual bibliography for 1973 and supplement to preceding years","Computers and the Humanities","","8","2","10.1007/BF02530744","","1974","http://link.springer.com/article/10.1007/BF02530744","Article"
"Automatic Extraction of Collocations From Korean Text","Computers and the Humanities","","35","3","10.1023/A:1017507019909","Seonho KimJuntae YoonMansuk Song","2001","http://link.springer.com/article/10.1023/A%3A1017507019909","Article"
"Reviews","Computers and the Humanities","","9","1","10.1007/BF02404320","John R. AllenBarron BrainerdRobert W. AckermanTodd K. BenderJeffrey F. Huntsman","1975","http://link.springer.com/article/10.1007/BF02404320","Article"
"A survey of computer-assisted research in modern German","Computers and the Humanities","","11","5","10.1007/BF02399175","David Chisholm","1977","http://link.springer.com/article/10.1007/BF02399175","Article"
"Encoding dictionaries","Computers and the Humanities","","29","2","10.1007/BF01830710","Nancy IdeJean Véronis","1995","http://link.springer.com/article/10.1007/BF01830710","Article"
"Reviews","Computers and the Humanities","","4","2","10.1007/BF02402256","W. Nelson Francis","1969","http://link.springer.com/article/10.1007/BF02402256","Article"
"Semantic Variation in Idiolect and Sociolect: Corpus Linguistic Evidence from Literary Texts","Computers and the Humanities","","38","2","10.1023/B:CHUM.0000031185.88395.b1","Max M. Louwerse","2004","http://link.springer.com/article/10.1023/B%3ACHUM.0000031185.88395.b1","Article"
"Formulas and syntax in old english poetry: A computer study","Computers and the Humanities","","6","2","10.1007/BF02402033","Donald C. Green","1971","http://link.springer.com/article/10.1007/BF02402033","Article"
"Data Mining and Serial Documents","Computers and the Humanities","","35","3","10.1023/A:1017556818634","Rachid Anane","2001","http://link.springer.com/article/10.1023/A%3A1017556818634","Article"
"Microsoft BASIC professional development system","Computers and the Humanities","","26","4","10.1007/BF00054278","","1992","http://link.springer.com/article/10.1007/BF00054278","Article"
"A study of sex-role stereotyping in the Oxford English Dictionary 2E","Computers and the Humanities","","26","1","10.1007/BF00114884","Hannah S. FournierDelbert W. Russell","1992","http://link.springer.com/article/10.1007/BF00114884","Article"
"Marking up in TATOE and exporting to SGML","Computers and the Humanities","","31","4","10.1023/A:1001070608920","L. RostekM. Alexa","1997","http://link.springer.com/article/10.1023/A%3A1001070608920","Article"
"Vector space explorations of literary language","Language Resources and Evaluation","","","","10.1007/s10579-018-09442-4","Andreas van CranenburghKarina van Dalen-OskamJoris van Zundert","2019","http://link.springer.com/article/10.1007/s10579-018-09442-4","Article"
"Stylistic analysis of a corpus of twentieth-century Spanish narrative","Computers and the Humanities","","24","4","10.1007/BF00123413","Estelle Irizarry","1990","http://link.springer.com/article/10.1007/BF00123413","Article"
"Multilingual and cross-domain temporal tagging","Language Resources and Evaluation","","47","2","10.1007/s10579-012-9179-y","Jannik StrötgenMichael Gertz","2013","http://link.springer.com/article/10.1007/s10579-012-9179-y","Article"
"RIDGES Herbology: designing a diachronic multi-layer corpus","Language Resources and Evaluation","","51","3","10.1007/s10579-016-9374-3","Carolin OdebrechtMalte BelzAmir ZeldesAnke LüdelingThomas Krause","2017","http://link.springer.com/article/10.1007/s10579-016-9374-3","Article"
"Book reviews","Computers and the Humanities","","13","1","10.1007/BF02744995","Donald RossHarry M. LoganPhilip H. SmithThomas E. KurtzJerry WaxmanAlex L. GordonH. KeinerIrwin ScollarRonald SlosbergD. R. HirschbergEvelyn JaffeBarron BrainerdH. V. MuhsamMichel DubrocardPeter Simmons","1979","http://link.springer.com/article/10.1007/BF02744995","Article"
"Introduction: Common methodologies in humanities computing and computational linguistics","Computers and the Humanities","","26","5 - 6","10.1007/BF00136978","Nancy IdeDonald Walker","1992","http://link.springer.com/article/10.1007/BF00136978","Article"
"The IMP historical Slovene language resources","Language Resources and Evaluation","","49","3","10.1007/s10579-015-9294-7","Tomaž Erjavec","2015","http://link.springer.com/article/10.1007/s10579-015-9294-7","Article"
"Encoding textual criticism","Computers and the Humanities","","29","2","10.1007/BF01830706","Robin C. CoverPeter M. W. Robinson","1995","http://link.springer.com/article/10.1007/BF01830706","Article"
"Contrast and Change in the Idiolects of Ben Jonson Characters","Computers and the Humanities","","33","3","10.1023/A:1002032032618","Hugh Craig","1999","http://link.springer.com/article/10.1023/A%3A1002032032618","Article"
"Virtuoso pianism from the QWERTY keyboard: The electronic realization of Liszt's scores","Computers and the Humanities","","29","4","10.1007/BF01830397","M. W. A. Smith","1995","http://link.springer.com/article/10.1007/BF01830397","Article"
"“Most by numbers judge a poet's song”: Measuring sound effects in poetry","Computers and the Humanities","","19","4","10.1007/BF02259574","H. M. Logan","1985","http://link.springer.com/article/10.1007/BF02259574","Article"
"On the measurement of alliteration in poetry","Computers and the Humanities","","10","6","10.1007/BF02402557","Jay A. Leavitt","1976","http://link.springer.com/article/10.1007/BF02402557","Article"
"Isaiah and the computer: A preliminary report","Computers and the Humanities","","5","2","10.1007/BF02402282","Yehuda T. Radday","1970","http://link.springer.com/article/10.1007/BF02402282","Article"
"Editorial: Computers in Humanities Teaching and Research","Computers and the Humanities","","34","3","10.1023/A:1002771203624","Ellie Chambers","2000","http://link.springer.com/article/10.1023/A%3A1002771203624","Article"
"Iberochange: A program to simulate systematic sound change in Ibero-Romance","Computers and the Humanities","","11","2","10.1007/BF02404005","Charles L. Eastlack","1977","http://link.springer.com/article/10.1007/BF02404005","Article"
"Literary texts and the state of the language: The role of the computer","Computers and the Humanities","","27","5 - 6","10.1007/BF01829384","Dennis Taylor","1993","http://link.springer.com/article/10.1007/BF01829384","Article"
"The study of Chaucer's vocabulary","Computers and the Humanities","","12","1 - 2","10.1007/BF02392917","Walter S. Phelan","1978","http://link.springer.com/article/10.1007/BF02392917","Article"
"The century of prose corpus: A half-million word historical data base","Computers and the Humanities","","29","5","10.1007/BF02279525","Louis T. Milic","1995","http://link.springer.com/article/10.1007/BF02279525","Article"
"IPLR: an online resource for Greek word-level and sublexical information","Language Resources and Evaluation","","46","3","10.1007/s10579-010-9130-z","Athanassios ProtopapasMarina TzakostaAimilios ChalamandarisPirros Tsiakoulis","2012","http://link.springer.com/article/10.1007/s10579-010-9130-z","Article"
"Classifying unlabeled short texts using a fuzzy declarative approach","Language Resources and Evaluation","","47","1","10.1007/s10579-012-9203-2","Francisco P. RomeroPascual Julián-IranzoAndrés SotoMateus Ferreira-SatlerJuan Gallardo-Casero","2013","http://link.springer.com/article/10.1007/s10579-012-9203-2","Article"
"TweetNorm: a benchmark for lexical normalization of Spanish tweets","Language Resources and Evaluation","","49","4","10.1007/s10579-015-9315-6","Iñaki AlegriaNora AranberriPere R. ComasVíctor FresnoPablo GamalloLluis PadróIñaki San VicenteJordi TurmoArkaitz Zubiaga","2015","http://link.springer.com/article/10.1007/s10579-015-9315-6","Article"
"Virtual agent multimodal mimicry of humans","Language Resources and Evaluation","","41","3 - 4","10.1007/s10579-007-9057-1","George CaridakisAmaryllis RaouzaiouElisabetta BevacquaMaurizio ManciniKostas KarpouzisLori MalatestaCatherine Pelachaud","2007","http://link.springer.com/article/10.1007/s10579-007-9057-1","Article"
"Rediscovering 15 + 2 years of discoveries in language resources and evaluation","Language Resources and Evaluation","","50","2","10.1007/s10579-016-9352-9","Joseph MarianiPatrick ParoubekGil FrancopouloOlivier Hamon","2016","http://link.springer.com/article/10.1007/s10579-016-9352-9","Article"
"Developing a corpus of plagiarised short answers","Language Resources and Evaluation","","45","1","10.1007/s10579-009-9112-1","Paul CloughMark Stevenson","2011","http://link.springer.com/article/10.1007/s10579-009-9112-1","Article"
"The Janes project: language resources and tools for Slovene user generated content","Language Resources and Evaluation","","","","10.1007/s10579-018-9425-z","Darja FišerNikola LjubešićTomaž Erjavec","2018","http://link.springer.com/article/10.1007/s10579-018-9425-z","Article"
"Exploring conscious imitation of style with ready-made software","Computers and the Humanities","","23","3","10.1007/BF00056145","Estelle Irizarry","1989","http://link.springer.com/article/10.1007/BF00056145","Article"
"Zur Formelhaftigkeit in Heinrich Wittenwilers ‘Ring’: Wortwiederholungen und grammatische Versmuster","Computers and the Humanities","","13","4","10.1007/BF02400141","Theo Bungarten","1979","http://link.springer.com/article/10.1007/BF02400141","Article"
"Shakespeare vs. fletcher: A stylometric analysis by radial basis functions","Computers and the Humanities","","29","6","10.1007/BF01829876","David LoweRobert Matthews","1995","http://link.springer.com/article/10.1007/BF01829876","Article"
"Statistical analysis of literature: A retrospective on Computers and the Humanities, 1966–1990","Computers and the Humanities","","25","6","10.1007/BF00141190","Rosanne G. Potter","1991","http://link.springer.com/article/10.1007/BF00141190","Article"
"Directory of scholars active","Computers and the Humanities","","6","2","10.1007/BF02402040","","1971","http://link.springer.com/article/10.1007/BF02402040","Article"
"Elements of a statistical approach to the question of authorship in music","Computers and the Humanities","","19","3","10.1007/BF02259533","M. A. Crerar","1985","http://link.springer.com/article/10.1007/BF02259533","Article"
"The surface of language and humanities computing","Computers and the Humanities","","27","5 - 6","10.1007/BF01829381","Charles Henry","1993","http://link.springer.com/article/10.1007/BF01829381","Article"
"The Potential of Multi-Media for Foreign Language Learning: A Critical Evaluation","Computers and the Humanities","","31","5","10.1023/A:1001061914294","Gabrielle Hogan-BrunRuth Whittle","1997","http://link.springer.com/article/10.1023/A%3A1001061914294","Article"
"Robertson Davies: The tory mode","Computers and the Humanities","","11","1","10.1007/BF02401449","Robert Cluett","1977","http://link.springer.com/article/10.1007/BF02401449","Article"
"Abstracts and brief notices","Computers and the Humanities","","7","5","10.1007/BF02395433","","1973","http://link.springer.com/article/10.1007/BF02395433","Article"
"The computer in literary analysis: UsingTACT with students","Computers and the Humanities","","28","1","10.1007/BF01830684","Mark Hawthorne","1994","http://link.springer.com/article/10.1007/BF01830684","Article"
"Semantic processing for communicative exercises in foreign-language learning","Computers and the Humanities","","23","1","10.1007/BF00058767","","1989","http://link.springer.com/article/10.1007/BF00058767","Article"
"Toward a narra-topography: A pilot study applied to Marguerite Duras' novelModerato Cantabile","Computers and the Humanities","","27","4","10.1007/BF01830366","Richard FrautschiPhilippe Thoiron","1993","http://link.springer.com/article/10.1007/BF01830366","Article"
"Some uses of a grammatical concordance","Computers and the Humanities","","2","4","10.1007/BF02402484","Dolores M. Burton S.N.D.","1968","http://link.springer.com/article/10.1007/BF02402484","Article"
"The use of the computer in the analysis of German folksongs","Computers and the Humanities","","10","5","10.1007/BF02420063","Wolfram Steinbeck","1976","http://link.springer.com/article/10.1007/BF02420063","Article"
"Lexical choices and aesthetic success: A computer content analysis of 154 Shakespeare sonnets","Computers and the Humanities","","24","4","10.1007/BF00123412","Dean Keith Simonton","1990","http://link.springer.com/article/10.1007/BF00123412","Article"
"Current approaches to punctuation in computational linguistics","Computers and the Humanities","","30","6","10.1007/BF00057941","B. SayV. Akman","1996","http://link.springer.com/article/10.1007/BF00057941","Article"
"Book reviews","Computers and the Humanities","","10","6","10.1007/BF02402561","Lewis SawinS. SchoenbaumRavenna HelsonPaul UseldingSusan W. TiefenbrunSusan S. LukeshHarry B. LincolnJerry WaxmanStephen V. F. WaiteMark C. TaylorG. A. Clark","1976","http://link.springer.com/article/10.1007/BF02402561","Article"
"Machine translation in the U.S.S.R.","Computers and the Humanities","","18","1","10.1007/BF02259805","Yu. N. Marchuk","1984","http://link.springer.com/article/10.1007/BF02259805","Article"
"Synoname1: The Getty's new approach to pattern matching for personal names","Computers and the Humanities","","25","4","10.1007/BF00116076","","1991","http://link.springer.com/article/10.1007/BF00116076","Article"
"Abstracts and brief notices","Computers and the Humanities","","3","3","10.1007/BF02401615","","1969","http://link.springer.com/article/10.1007/BF02401615","Article"
"The new political history: Progress and prospects","Computers and the Humanities","","11","5","10.1007/BF02399174","Philip R. Vandermeer","1977","http://link.springer.com/article/10.1007/BF02399174","Article"
"Courseware reviews","Computers and the Humanities","","25","2 - 3","10.1007/BF00124154","Terence McPartlandKaren Smith","1991","http://link.springer.com/article/10.1007/BF00124154","Article"
"Exploiting languages proximity for part-of-speech tagging of three French regional languages","Language Resources and Evaluation","","","","10.1007/s10579-019-09463-7","Pierre MagistryAnne-Laure LigozatSophie Rosset","2019","http://link.springer.com/article/10.1007/s10579-019-09463-7","Article"
"Directory of Scholars Active","Computers and the Humanities","","2","5","10.1007/BF02402498","","1968","http://link.springer.com/article/10.1007/BF02402498","Article"
"Attitudes of the Canadian Research Community toward Creating and Accessing Digitized Facsimile Collections of Historical Documents","Computers and the Humanities","","33","4","10.1023/A:1002152708049","B. Burningham","1999","http://link.springer.com/article/10.1023/A%3A1002152708049","Article"
"Informatics and new philology","Computers and the Humanities","","24","5 - 6","10.1007/BF00186474","Roberto Busa SJ","1990","http://link.springer.com/article/10.1007/BF00186474","Article"
"Access to Pictorial Material: A Review of Current Research and Future Prospects","Computers and the Humanities","","33","4","10.1023/A:1002065412222","Corinne Jörgensen","1999","http://link.springer.com/article/10.1023/A%3A1002065412222","Article"
"Annual bibliography for 1970","Computers and the Humanities","","5","4","10.1007/BF02395288","","1971","http://link.springer.com/article/10.1007/BF02395288","Article"
"A literary lexicography project for the Italian language","Computers and the Humanities","","24","5 - 6","10.1007/BF00186478","Giuseppe Savoca","1990","http://link.springer.com/article/10.1007/BF00186478","Article"
"On the Ownership of Text","Computers and the Humanities","","38","2","10.1023/B:CHUM.0000031184.28781.47","Yorick Wilks","2004","http://link.springer.com/article/10.1023/B%3ACHUM.0000031184.28781.47","Article"
"The study of english loan-words in modern French","Computers and the Humanities","","7","6","10.1007/BF02395114","Suzanne Hanon","1973","http://link.springer.com/article/10.1007/BF02395114","Article"
"Intelligent tutoring systems: Exploring issues in learning and teaching writing","Computers and the Humanities","","23","1","10.1007/BF00058768","","1989","http://link.springer.com/article/10.1007/BF00058768","Article"
"Wag the Dog? Online Conferencing and Teaching","Computers and the Humanities","","34","3","10.1023/A:1002075505432","Charles Ess","2000","http://link.springer.com/article/10.1023/A%3A1002075505432","Article"
"Determining literariness in interactive fiction","Computers and the Humanities","","22","3","10.1007/BF00118891","Neil Randall","1988","http://link.springer.com/article/10.1007/BF00118891","Article"
"Abstracts and brief notices","Computers and the Humanities","","3","4","10.1007/BF02401462","","1969","http://link.springer.com/article/10.1007/BF02401462","Article"
"Integrating Linguistic Resources in TC through WSD","Computers and the Humanities","","35","2","10.1023/A:1002632712378","L. Alfonso Ureña-LópezManuel BuenagaJosé M. Gómez","2001","http://link.springer.com/article/10.1023/A%3A1002632712378","Article"
"A study of words relating to youth and old age in the plays of euripides and its special implications for Euripides' Suppliant Women","Computers and the Humanities","","22","4","10.1007/BF00118605","Eva M. Thury","1988","http://link.springer.com/article/10.1007/BF00118605","Article"
"Tables for comparing the richness and structure of vocabulary in texts of different lengths","Computers and the Humanities","","9","2","10.1007/BF02404306","D. A. RatkowskyLinda Hantrais","1975","http://link.springer.com/article/10.1007/BF02404306","Article"
"Book Reviews","Computers and the Humanities","","22","2","10.1007/BF00057655","","1988","http://link.springer.com/article/10.1007/BF00057655","Article"
"Annual bibliography for 1971","Computers and the Humanities","","6","4","10.1007/BF02404276","","1972","http://link.springer.com/article/10.1007/BF02404276","Article"
"A touchstone for the bard","Computers and the Humanities","","25","4","10.1007/BF00116075","W. E. Y. ElliottR. J. Valenza","1991","http://link.springer.com/article/10.1007/BF00116075","Article"
"Measurement and the study of literature","Computers and the Humanities","","13","3","10.1007/BF02395096","Bruce A. Beatie","1979","http://link.springer.com/article/10.1007/BF02395096","Article"
"“Ethnometrics”: Cultural measurements as a necessary counterbalance to the cost-effectiveness revolution; Some implications of the computers-in-anthropology conference","Computers and the Humanities","","1","5","10.1007/BF00055407","","1967","http://link.springer.com/article/10.1007/BF00055407","Article"
"Understanding (hyper) media: Required readings","Computers and the Humanities","","29","5","10.1007/BF02279529","Allen Renear","1995","http://link.springer.com/article/10.1007/BF02279529","Article"
"Enriching news events with meta-knowledge information","Language Resources and Evaluation","","51","2","10.1007/s10579-016-9344-9","Paul ThompsonRaheel NawazJohn McNaughtSophia Ananiadou","2017","http://link.springer.com/article/10.1007/s10579-016-9344-9","Article"
"The analysis of embodied communicative feedback in multimodal corpora: a prerequisite for behavior simulation","Language Resources and Evaluation","","41","3 - 4","10.1007/s10579-007-9056-2","Jens AllwoodStefan KoppKarl GrammerElisabeth AhlsénElisabeth OberzaucherMarkus Koppensteiner","2007","http://link.springer.com/article/10.1007/s10579-007-9056-2","Article"
"Comparing and combining semantic verb classifications","Language Resources and Evaluation","","42","3","10.1007/s10579-008-9070-z","Oliver ČuloKatrin ErkSebastian PadóSabine Schulte im Walde","2008","http://link.springer.com/article/10.1007/s10579-008-9070-z","Article"
"How to Measure the Meanings of Words? Amour in Corneille’s Work","Language Resources and Evaluation","","39","4","10.1007/s10579-006-9002-8","Cyril LabbéDominique Labbé","2005","http://link.springer.com/article/10.1007/s10579-006-9002-8","Article"
"Constructions at argument-structure level in the SenSem Corpora","Language Resources and Evaluation","","49","3","10.1007/s10579-015-9309-4","Glòria VázquezAna Fernández-Montraveta","2015","http://link.springer.com/article/10.1007/s10579-015-9309-4","Article"
"Building the Galician wordnet: methods and applications","Language Resources and Evaluation","","52","1","10.1007/s10579-017-9408-5","Xavier Gómez GuinovartMiguel Anxo Solla Portela","2018","http://link.springer.com/article/10.1007/s10579-017-9408-5","Article"
"Automatic Acquisition and Expansion of Hypernym Links","Computers and the Humanities","","38","4","10.1007/s10579-004-1926-2","Emmanuel MorinChristian Jacquemin","2004","http://link.springer.com/article/10.1007/s10579-004-1926-2","Article"
"Annotating expressions of Appraisal in English","Language Resources and Evaluation","","46","3","10.1007/s10579-010-9135-7","Jonathon ReadJohn Carroll","2012","http://link.springer.com/article/10.1007/s10579-010-9135-7","Article"
"The enrichment of lexical resources through incremental parsebanking","Language Resources and Evaluation","","50","2","10.1007/s10579-016-9356-5","Victoria RosénMartha ThunesPetter HaugereidGyri Smørdal LosnegaardHelge DyvikPaul MeurerGunn Inger LyseKoenraad De Smedt","2016","http://link.springer.com/article/10.1007/s10579-016-9356-5","Article"
"Efficient corpus development for lexicography: building the New Corpus for Ireland","Language Resources and Evaluation","","40","2","10.1007/s10579-006-9011-7","Adam KilgarriffMichael RundellElaine Uí Dhonnchadha","2006","http://link.springer.com/article/10.1007/s10579-006-9011-7","Article"
"InSight Interaction: a multimodal and multifocal dialogue corpus","Language Resources and Evaluation","","49","1","10.1007/s10579-014-9283-2","Geert BrôneBert Oben","2015","http://link.springer.com/article/10.1007/s10579-014-9283-2","Article"
"Introduction to the special issue on multimodal corpora for modeling human multimodal behavior","Language Resources and Evaluation","","42","2","10.1007/s10579-008-9068-6","Jean-Claude MartinPatrizia PaggioPeter KuehnleinRainer StiefelhagenFabio Pianesi","2008","http://link.springer.com/article/10.1007/s10579-008-9068-6","Article"
"COUNTER: corpus of Urdu news text reuse","Language Resources and Evaluation","","51","3","10.1007/s10579-016-9367-2","Muhammad SharjeelRao Muhammad Adeel NawabPaul Rayson","2017","http://link.springer.com/article/10.1007/s10579-016-9367-2","Article"
"A computational grammar for Persian based on GPSG","Language Resources and Evaluation","","45","4","10.1007/s10579-011-9144-1","Mohammad BahraniHossein SametiMehdi Hafezi Manshadi","2011","http://link.springer.com/article/10.1007/s10579-011-9144-1","Article"
"Bucking the trend: improved evaluation and annotation practices for ESL error detection systems","Language Resources and Evaluation","","48","1","10.1007/s10579-013-9243-2","Joel TetreaultMartin ChodorowNitin Madnani","2014","http://link.springer.com/article/10.1007/s10579-013-9243-2","Article"
"Reordering space design in statistical machine translation","Language Resources and Evaluation","","50","2","10.1007/s10579-016-9353-8","Nicolas PécheuxAlexandre AllauzenJan NiehuesFrançois Yvon","2016","http://link.springer.com/article/10.1007/s10579-016-9353-8","Article"
"Thesaurus or Logical Ontology, Which One Do We Need for Text Mining?","Language Resources and Evaluation","","39","1","10.1007/s10579-005-2697-0","Junichi TsujiiSophia Ananiadou","2005","http://link.springer.com/article/10.1007/s10579-005-2697-0","Article"
"gDelta: a missing link in the grammar engineering toolchain","Language Resources and Evaluation","","49","1","10.1007/s10579-014-9293-0","Ned LetcherRebecca DridanTimothy Baldwin","2015","http://link.springer.com/article/10.1007/s10579-014-9293-0","Article"
"Creation of an annotated corpus of Old and Middle Hungarian court records and private correspondence","Language Resources and Evaluation","","52","1","10.1007/s10579-017-9393-8","Attila NovákKatalin GugánMónika VargaAdrienne Dömötör","2018","http://link.springer.com/article/10.1007/s10579-017-9393-8","Article"
"Towards the generation of dialogue acts in socio-affective ECAs: a corpus-based prosodic analysis","Language Resources and Evaluation","","50","4","10.1007/s10579-015-9312-9","Rachel BawdenChloé ClavelFrédéric Landragin","2016","http://link.springer.com/article/10.1007/s10579-015-9312-9","Article"
"Exploring the fine-grained analysis and automatic detection of irony on Twitter","Language Resources and Evaluation","","52","3","10.1007/s10579-018-9414-2","Cynthia Van HeeEls LefeverVéronique Hoste","2018","http://link.springer.com/article/10.1007/s10579-018-9414-2","Article"
"Multiplicity and word sense: evaluating and learning from multiply labeled word sense annotations","Language Resources and Evaluation","","46","2","10.1007/s10579-012-9188-x","Rebecca J. PassonneauVikas BhardwajAnsaf Salleb-AouissiNancy Ide","2012","http://link.springer.com/article/10.1007/s10579-012-9188-x","Article"
"An efficient any language approach for the integration of phrases in document retrieval","Language Resources and Evaluation","","44","1 - 2","10.1007/s10579-009-9102-3","Antoine DoucetHelena Ahonen-Myka","2010","http://link.springer.com/article/10.1007/s10579-009-9102-3","Article"
"Ebaluatoia: crowd evaluation for English–Basque machine translation","Language Resources and Evaluation","","51","4","10.1007/s10579-016-9335-x","Nora AranberriGorka LabakaArantza Díaz de IlarrazaKepa Sarasola","2017","http://link.springer.com/article/10.1007/s10579-016-9335-x","Article"
"By all these lovely tokens... Merging conflicting tokenizations","Language Resources and Evaluation","","46","1","10.1007/s10579-011-9161-0","Christian ChiarcosJulia RitzManfred Stede","2012","http://link.springer.com/article/10.1007/s10579-011-9161-0","Article"
"Adaptation of an automotive dialogue system to users’ expertise and evaluation of the system","Language Resources and Evaluation","","40","1","10.1007/s10579-006-9009-1","Liza HasselEli Hagen","2006","http://link.springer.com/article/10.1007/s10579-006-9009-1","Article"